A403,𓓽𓐶𓆑
A404,𓔄𓐶𓆑
A405,𓔇𓐶𓆑
B3C,𓆓𓐻𓜹
C201,𓣽𓐹𓏏
C202,𓣼𓐹𓐷𓏏𓐰𓆇𓐸
C203,𓣽𓐹𓐷𓆣𓐰𓈅𓐸
C204,𓣽𓐹𓐷𓀔𓐱𓇶𓐸
C296,𓣼𓐹𓇳
D52A,𓂸︃
D53A,𓂺︃
D74,𓁷𓐶𓂋
D151,𓋴𓐶𓂋
D151A,𓋴𓐶𓂋
D160,𓂓𓐹𓏤
D161,𓂓𓐹𓏨
D161A,𓂓𓐹𓏦
D163,𓂓𓐹𓀮
D164,𓂓𓐹𓛔
D165,𓂓𓐹𓢄
D166,𓂓𓐹𓛲
D167,𓂓𓐹𓞘
D168,𓂓𓐹𓵹
D169,𓂓𓐹𓶭
D170,𓂺𓐶𓂓
D170A,𓂸𓐶𓂓
D172,𓂓𓐹𓃿
D173,𓂓𓐹𓐷𓃿𓐰𓏦𓐸
D174,𓂓𓐹𓄊
D175,𓂓𓐹𓸿
D176A,𓂓𓐹𓇓
D177,𓂓𓐹𓏓︀
D177A,𓂓𓐹𓏓
D178,𓂓𓐹𓐷𓏓︀𓐱𓏨𓐸
D178A,𓂓𓐹𓐷𓏓𓐰𓏥𓐸
D178B,𓂓𓐹𓐷𓏓𓐰𓏥𓐰𓏏𓐸
D178C,𓂓𓐹𓐷𔏌𓐰𓏥𓐸
D178D,𓂓𓐹𓐷𓏏𓐰𓏓𓐸
D179,𓂓𓐹𓍷︀
D180,𓂓𓐹𓋹
D181,𓂓𓐹𓊹
D181A,𓂓𓐹𓐷𓊹𓐱𓏪𓐸
D181B,𓂓𓐹𓐷𓊹𓐳𓏪𓐸
D182,𓂓𓐹𓏏
D182A,𓂓𓐹𓐷𓏏𓐰𓆇𓐸
D183,𓂓𓐹𓵙
D184,𓂓𓐹𓋴
D185,𓂓𓐹𓏌
D186,𓂓𓐹𓌆
D187,𓂓𓐹𓐷𓏌𓐰𓌆𓐸
D188,𓂓𓐹𓎿
D189,𓂘𓐹𓏌
D190,𓂘𓐹𓂀
D191,𓂘𓐹𓅜
D192,𓂘𓐹𓏤
D195,𓂘𓐹𓀔
D196,𓂘𓐹𓎿
D199,𓦬𓐹𓏤
D201,𓦬𓐹𓊮
D203,𓦬𓐹𓎿
D204,𓦬𓐹𓥺
D205,𓂝𓐶𓌪
D206,𓏲𓐶𓂝
D208,𓋹𓐶𓂢
D213,𓊹𓐶𓂠
D223,𓇓𓐶𓂥
D270,𓊹𓐶𓂧
D296,𓃀𓐶𓐷𓂝𓐰𓂝𓐸
D297,𓃀𓐶𓐷𓂝𓐰𓄏𓐸
D298,𓐷𓃀𓐱𓃀𓐸𓐶𓂝
D299,𓐷𓃀𓐱𓃀𓐸𓐶𓐷𓂝𓐰𓂝𓐸
D301,𓃂𓐹𓐷𓏏𓐰𓍱𓐸
D302,𓃀𓐶𓄏
D303,𓐷𓃀𓐱𓃀𓐸𓐶𓄏𓐲𓎼
D304,𓃀𓐶𓄡
D305,𓃀𓐶𓍢
D306,𓃀𓐶𓐷𓈖𓐰𓈖𓐸
D307,𓃀𓐶𓂋
D308,𓃀𓐶𓄑
D310,𓃀𓐶𓼼
D311,𓐷𓃀𓐱𓃀𓐸𓐶𓼼
D312,𓃀𓐶𓂧
D313,𓃀𓐶𓎡
D314,𓃀𓐶𓍿
D315,𓃀𓐶𓐷𓍿𓐰𓂻𓐸
D320,𓨣𓐹𓂻
D321,𓨣𓐶𓍽
D322,𓨣𓐹𓇼
D322A,𓨣𓐹𓇼
D322B,𓨤𓐹𓇼
D325A,𓨭𓐹𓂻
D330,𓦯𓐻𓆇
D332,𓂓𓐹𓁷
D335,𓦬𓐹𓏌
D340,𓃂𓐹𓈘
D342,𓃂𓐹𓐷𓏏𓐱𓏤𓐸
D343,𓃂𓐹𓏭
D344,𓃂𓐹𓉐
D347,𓂓𓐹𓐷𓊹𓐳𓄹𓐸
D348,𓃀𓐶𓊃
D349,𓂓𓐹𓍘
D350,𓄱𓐶𓂠
D351,𓂓𓐹𓄹𓑀
D352,𔉴︅𓑀𓐶𓂡
D353,𓂓𓐹𓏲
D355,𓂓𓐹𓃒
D357,𓂓𓐹𓈅
D359,𓂓𓐹𓆇
D362,𓃂𓐹𓍱
D363,𓂓𓐹𓙸
D364,𓂓𓐹𓊮
D365,𓦬𓐹𓊪
D366,𓃂𓐹𓏤
D367,𓂓𓐹𓊪
D373A,𓐷𔈺𓐱𔈺𓐸𓐶𓍽
D374,𓦬𓐹𓂀
D376,𓂓𓐺𓌸
D379,𓂓𓐺𓎝
D381,𓂓𓐺𓎛
D384,𓃂𓐹𓏏
D386,𓂓𓐺𓮷
D387,𓍯𓐶𓂝
D388,𓂓𓐺𓄤
D389,𓂓𓐺𓆣
D398,𓂓𓐹𓁐
D399,𓂓𓐹𓞫
D400,𓂓𓐹𓆟︃
D401,𓂓𓐺𓮷
D403,𓂘𓐹𓈖︂𓑀
D404,𓦬𓐹𓏲
D407,𓆄𓐶𓂠
D409,𓃀𓐶𓂩
D410,𓋴𓐶𓂺
D410A,𓋴𓐶𓂸︃
D415,𓃂𓐹𓈛
D416,𓐷𓃀𓐱𓃀𓐸𓐶𓐷𓎡𓐰𓎡𓐸
E91,𓪣︀
F13A,𓄏𓐶𓄏𓑀
F38B,𓯥𓑀
F50A,𓋴𓐶𓄳
F64,𓄈𓐶𓄑
F65,𓄈𓐶𓎡
F72,𓮅𓐶𓂋
F72A,𓮁𓐶𓂋
F73,𓮅𓐶𓐷𓂋𓐰𓂋𓐸
F73A,𓮁𓐶𓐷𓂋𓐰𓂋𓐸
F74,𓮅𓐶𓐷𓂋𓐰𓂡𓐸
F74A,𓮁𓐶𓐷𓂋𓐰𓂡𓐸
F75,𓮅𓐶𓆑
F75A,𓮁𓐶𓆑
F76,𓮅𓐶𓊃
F76A,𓮁𓐶𓊃
F77,𓮅𓐶𓂡
F77A,𓮁𓐶𓂡
F91,𓄂𓐶𓅱𓐳𓏏𓐵𓏭
F101,𓄋𓐺𓋑
F104,𓄋𓐺𓐷𓊹𓐱𓊹𓐸
F110,𓄱𓐶𓄏
F129,𓊹𓐶𓄡
F134,𓄤𓐶𓍃
F135,𓄥𓐶𓐝
F136,𓄥𓐶𓆑
F137,𓄥𓐶𓂸
F149,𓄥𓐶𓌴
F150,𓄋𓐹𓵹
F152,𓄟𓐶𓄡
F153,𓄋𓐹𓐷𓇼𓐰𓏤𓐸
F155,𓄋𓐹𓊪
F156,𓄥𓐶𓈀
F156A,𓄥𓐶𓻽
F159,𓄋𓐹𓌆
F160,𓄋𓐹𓂋
F163,𓮅𓐶𓂝
F163A,𓮁𓐶𓂝
F165,𓮅𓐶𓄂
F165A,𓮁𓐶𓄂
F167,𓄋𓐹𓈅
F168,𓄋𓐹𓻳
F169,𓄋𓐹𓐷𓎆𓐱𓎆𓐰𓏮𓐸
F174,𓄋𓐹𓇳
F175,𓄋𓐹𓍢
F184,𓄾𓐶𓂞
G20A,𓰮𓐶𓂝
G20B,𓰯𓐶𓂝
G26B,𓅝𓐳𓏏𓐵𓏭
G56,𓄿𓐶𓂝
G57,𓄿𓐶𓆑
G58,𓄿𓐶𓐛
G58A,𓄿𓐶𓐛𓑀
G59,𓄿𓐶𓄡
G60,𓄿𓐶𓎡
G60A,𓄿𓐶𓎡𓑀
G61,𓄿𓐶𓂧
G62,𓄿𓐶𓂡
G78,𓰠︀
G86,𓅔𓐶𓂝
G87,𓅓𓐶𓂡
G87A,𓰮𓐶𓂡
G88,𓅓𓐶𓆑
G89,𓅓𓐶𓂸
G90,𓅓𓐶𓂋
G90A,𓰮𓐶𓂋
G91,𓅓𓐶𓐝
G92,𓅓𓐶𓌴
G93,𓅓𓐶𓄂
G94,𓅓𓐶𓎡
G95,𓅓𓐶𓂧
G96,𓅓𓐶𔉴︂
G96A,𓰯𓐶𔉴︂
G96B,𓰭𓐶𔉴︆
G96C,𓅓𓐶𔉴︆
G96D,𓰮𓐶𔉴𓑀
G97,𓅓𓐶𓌪𓑀
G98,𓅓𓐶𓂟
G127A,𓲎𓐴𓏤
G127B,𓲐𓐴𓏤
G127D,𓲍𓐴𓏤
G240,𓅱𓐶𓆑
G241,𓅱𓐶𓂸
G242,𓅱𓐶𓂋
G243,𓅱𓐶𓈚
G244,𓅱𓐶𓎡
G245,𓅱𓐶𓂩
G246,𓅱𓐶𓂧
G247,𓅱𓐶𓂞
G248,𓅱𓐶𓂡
G259,𓄿𓐶𓈖
G261,𓅱𓐶𓂢
G268,𓅓𓐶𓇯
G271,𓴎𓐶𓐝
I86D,𓷃𓑀
I100,𓎗𓐶𓆓
I102,𓌃𓐶𓆓
I111,𓵹𓐶𓄡
I132,𓆗𓐶𓄡
K16,𓍷𓐹𓆟
L20,𓮂𓐶𓷲
L21,𓮂𓐶𓆫︂
L22,𓮁𓐶𓷲
L22A,𓄊𓐶𓷲
L24,𓌂𓐶𓷲
L35,𓌂𓐶𓷲
M2B,𓸍︀
M14A,𓹦𓐶𓆓
M46A,𓸃𓐶𓆱
M50,𓷻𓐶𓆱
M78,𓸿𓐶𓍽
M100,𓆼𓐶𓂝
M100A,𓹜𓐶𓂝
M101,𓆼𓐶𓍼
M120,𓇅𓐶𓂋
M121,𓇅𓐶𓐷𓆓𓐰𓆓𓐸
M122,𓇅𓐶𓐷𔀰𓐰𔀰𓐸
M125,𓐷𓇅𓐱𓇅𓐱𓇅𓐸𓐶𓇯
M128,𓇕𓐶𓆑
M143,𓇋𓐶𓂝
M144,𓇋𓐶𓆑
M145,𓇋𓐶𓐝
M146,𓇋𓐶𓂋
M147,𓇋𓐶𓎡
M158,𓇓𓐶𓂋
M159,𓇓𓐶𓂝
M160,𓇓𓐶𓐷𓂝𓐰𓂝𓐸
M161,𓺓𓐶𓂝
M204,𓆼𓐶𓐷𓂋𓐰𓆑𓐸
M205,𓇟𓐶𓎡
M207,𓺕𓐶𓂝
M212,𓇑𓐶𓂋
M213,𓆳𓐶𓂝
M214,𓇓𓐶𓈀
M216,𓆭𓐶𓄑
M218,𓆭𓐶𓂝
M219,𓷺𓐶𓍽
M220,𓇅𓐶𓆑
M221,𓐷𓇅𓐱𓇅𓐸𓐶𓆓
M227,𓹁𓐶𓍽
M233,𓺅𓑀
M234,𓇋𓐶𔉴
M241,𓺕𓐶𓂝
M241A,𓺖𓐶𓂝
M242,𓺘𓐶𓂝
M243,𓹳𓐶𓂡
M245,𓇑𓐶𓂝
N55A,𓻣︀
L3,𓆦︁
P2I,𔁂𓑀
P97A,𔁴𓑀
T88B,𔉙𓑀
T106,𔊉︀
U13A,𔊜𓑀
Y2v,𓏝︂
qnbt,𓊋𓐵𓏏
2,𓏮
3,𓏦
4,𓏽
5,𓐃
20,𓎏
30,𓎐
40,𓎑
50,𓎒
200,𓍣
300,𓍤
400,𓍥
500,𓍫
